<?xml version="1.0" encoding="UTF-8"?>
        <!DOCTYPE hibernate-configuration PUBLIC
                "-//Hibernate/Hibernate Configuration DTD 3.0//EN"
                "http://www.hibernate.org/dtd/hibernate-configuration-3.0.dtd">
<hibernate-configuration>
<session-factory>
    <!-- Database connection settings -->
    <property name="connection.driver_class">com.mysql.cj.jdbc.Driver</property>
    <property name="connection.url">jdbc:mysql://localhost:3306/hibernateDB</property>
    <property name="hibernate.dialect">org.hibernate.dialect.MySQL5Dialect</property>
    <property name="connection.username">root</property>
    <property name="connection.password">fleek_boii</property>
    <property name="show_sql">true</property>

    <!-- Mapping files -->
    <mapping class="Book"/>
    <mapping class="Person"/>

</session-factory>
</hibernate-configuration>