<?xml version="1.0" encoding="UTF-8"?>
<beans xmlns="http://www.springframework.org/schema/beans"
       xmlns:xsi="http://www.w3.org/2001/XMLSchema-instance"
       xmlns:context="http://www.springframework.org/schema/context"
       xmlns:util="http://www.springframework.org/schema/util"
       xsi:schemaLocation="
        http://www.springframework.org/schema/beans http://www.springframework.org/schema/beans/spring-beans.xsd
        http://www.springframework.org/schema/context http://www.springframework.org/schema/context/spring-context.xsd
        http://www.springframework.org/schema/util http://www.springframework.org/schema/util/spring-util.xsd">

    <context:component-scan  base-package="dao,service" />

    <util:list id="classes">
        <ref bean="CS120"/>
        <ref bean="CS205"/>
    </util:list>

    <bean id="dataSource"
          class = "org.springframework.jdbc.datasource.DriverManagerDataSource">
        <property name = "driverClassName" value = "org.sqlite.JDBC"/>
        <property name = "url" value = "jdbc:sqlite:data.sqlite"/>
    </bean>

    <bean id="jdbcTemplate" class="org.springframework.jdbc.core.JdbcTemplate" autowire="byName"/>

    <!--As you follow through the tutorial, add additional bean definitions below-->



    <bean id="CS120" class = "model.Class">
        <!--use constructor injection here-->
        <property name="classID" value="908"/>
        <property name="className" value="CS120"/>
        <property name="room" value="435"/>
        <property name="professor" value="Jimmy John"/>
    </bean>

    <bean id="CS205" class = "model.Class">
        <property name="classID" value="973"/>
        <property name="className" value="CS205"/>
        <property name="room" value="307"/>
        <property name="professor" value="Papa John"/>
        <!--use setter injection here-->
    </bean>


</beans>